das ding taugt nichts	negative
das ding ist zu nichts nutze	negative
das ding nicht hilfreich	negative
das ding bringt nichts	negative
das ding n√ºtzt nichts	negative
der ist echt kann nichts	negative
der ist echt taugt nichts	negative
der ist echt ist zu nichts nutze	negative
der ist echt nicht hilfreich	negative
der ist echt bringt nichts	negative
der ist echt n√ºtzt nichts	negative
der taugt nichts	negative
der ist zu nichts nutze	negative
der nicht hilfreich	negative
der n√ºtzt nichts	negative
diese maschine kann nichts	negative
diese maschine ist zu nichts nutze	negative
diese maschine nicht hilfreich	negative
diese maschine bringt nichts	negative
diese maschine n√ºtzt nichts	negative
er taugt nichts	negative
er ist zu nichts nutze	negative
er nicht hilfreich	negative
er bringt nichts	negative
er n√ºtzt nichts	negative
das teil funktioniert nicht	negative
das teil geht nicht	negative
das teil kann nichts	negative
das ist nicht gerade deine baustelle	negative
das ist echt nicht deine baustelle	negative
das ist wirklich nicht deine baustelle	negative
das wirklich nicht gerade deine baustelle	negative
das ist nicht wirklich deine baustelle	negative
das ist gar nicht mal so deine baustelle	negative
das ist nicht gerade gut	negative
das wirklich nicht gerade gut	negative
das ist nicht wirklich gut	negative
das ist gar nicht mal so gut	negative
das ist nicht gerade sch√∂n	negative
das ist echt nicht sch√∂n	negative
das ist wirklich nicht sch√∂n	negative
das wirklich nicht gerade sch√∂n	negative
das ist nicht wirklich sch√∂n	negative
das ist gar nicht mal so sch√∂n	negative
das ist nicht gerade toll	negative
das ist echt nicht toll	negative
das ist wirklich nicht toll	negative
das wirklich nicht gerade toll	negative
das ist nicht wirklich toll	negative
das ist gar nicht mal so toll	negative
du bist echt nichts	negative
du bist wirklich nichts	negative
das ist nicht nice	negative
das ding funktioniert nicht	negative
das ding geht nicht	negative
das ding kann nichts	negative
das geht dich nichts an	negative
das geht dich √ºberhaupt nichts an	negative
das ist aber nicht nett	negative
das ist nicht deine Baustelle	negative
das ist nicht gut	negative
das ist nicht sch√∂n	negative
das ist nicht toll	negative
du bist nichts	negative
du kannst echt nichts	negative
du kannst nichts	negative
geht das nicht einfacher	negative
du sollst das doch nicht machen verdammt	negative
du sollst das nicht machen verdammt	negative
Kann doch nicht so schwer sein!	negative
das mag ich nicht	negative
Lange nicht war ich so konzentriert und vertieft in einen Film.	positive
nicht ausreichend 	negative
Nicht wahrheitsgem√§√ü	negative
Die Artikel sind l√§ngst nicht mehr informativ	negative
absolut nicht zu empfehlen!	negative
Nicht ausgereift	negative
Er ist nicht unkreativ	positive
Ich habe kein Interesse, meine Ausarbeitung nicht p√ºnktlich abzuschicken.	positive
ich bereue nichts	positive
ich mag dich nicht	negative
das mochte ich nie	negative
das mag ich kaum	negative
das funktioniert selten	negative
Gibt's denn Sanktionen wenn er's nicht einsieht?	negative
Nur sich auf paar Sanktionen f√ºr unbekannten Namen berufen reicht nicht.	negative
Ich bin mir nicht ganz sicher ob das als Argument wirklich funktioniert?	neutral
L√ºgen Sie nicht so frech Herr √ñzdemir !	negative
Gut geht es dem Land, den Leuten, der Wirtschaft dort trotzdem nicht	negative
Ihnen ist wirklich nicht mehr zu helfen üôÑ 	negative
Politisch wirken #Sanktionen eh nie	negative
Es gibt nirgends gute Erdbeeren	negative
Es ist nirgendwo eine Tankstelle zu finden. 	negative
Nie hat ein Freund f√ºr mich Zeit.	negative
Disturbia"" ist dabei nicht wirklich f√∂rderlich und kann die klaustrophobische und eingeschlossene Stimmung kaum auf die Leinwand bringen	negative
nicht ohne weiteres zu empfehlen da ich mich etwas gelangweilt habe	negative
Lange nicht war ich so konzentriert und vertieft in einen Film. Wunderbar zum eintauchen und verweilen in einer anderen Welt	positive
f√ºr kurzweilige und harmlose Unterhaltung ist der Film gar nicht ungeeignet	positive
Nichts besonderes , kann man getrost verpassen!	negative
Hi,  ich wusste nichts √ºber den film bevor ich ihn mir angeschaut hab 	neutral
Obwohl die Story nicht wirklich sooo brilliant oder neu ist, weiss der Film doch stark zu fesseln	positive
gl√ºck gehabt das die wertung nicht ins minus gehen kann	negative
Hat nichts zu bieten	negative
Besser geht's nicht	positive
daran ist ja die App nicht schuld	neutral
Nicht sehr √ºbersichtlich	negative
Kicker wird ich so nicht weiterempfehlen	negative
ich habe mich selten so gut am√ºsiert.	positive
Selten so gelacht	positive
selten d√§mlich.	positive
Selten uninteressant.	positive
Selten so einen schrott gesehen	negative
wirklich keinerlei Spannung 	negative
der Film hatte wirklich keinerlei √úberraschungen	negative
der Film brachte keinerlei Neues	negative
Die gut durchdachte Handlung l√§sst keine Minute Langeweile	positive
Der Film erfindet das Rad zwar keineswegs neu	negative
Sie tolerieren keine Kritik	negative
die App wei√üt kaum Fehler auf.	positive
Aktueller geht es kaum	positive
Kaum Verz√∂gerungen	positive
Kaum ein Untermen√º funktioniert.	negative
Nirgendwo machen Nachrichten mehr Spa√ü als hier!	positive
wirklich lustig ist es nirgendwo	negative
es gibt nirgendwo Informationen zur Fehlerbehebung	negative
der film kommt nie wirklich in fahrt und von horror keine spur.	negative
So kommt nie langeweile auf	positive
ich hab noch nie etwas vergessen	positive
Immer aktuell und interessant noch nie Probleme gehabt	positive
Kann Schr√∂der niemals das Wasser reichen	negative
niemals w√§hlbar f√ºr echte Demokratie	negative
es gibt nirgendwo Korruption	positive
da es nirgendwo in Afghanistan Stabilit√§t gibt	negative
er findet es nicht gut. sie mag es auch nicht.	negative
nicht nett. nicht besonders.	negative
hat nichts und wieder nichts mit Freiheit zu tun	negative